Date,BCNSDODNS,BOGZ1FL594090005Q,CP,EXPGS,GDPC1,GPDI,HCCDODNS,IMPGS,NETEXP,W068RCQ027SBEA,Y694RC1Q027SBEA
01/01/1960,139.269,270717,34.614,26.145,3277.847,96.476,58.07,23.288,2.858,144.233,12.163
04/01/1960,141.908,276994,32.312,26.85,3260.177,87.096,59.599,23.455,3.395,147.417,12.572
07/01/1960,143.163,282548,31.023,27.561,3276.133,86.377,60.582,22.879,4.682,150.459,12.841
10/01/1960,145.592,288527,29.922,27.622,3234.087,75.963,61.248,21.742,5.88,153.78,13.061
01/01/1961,146.194,294406,29.223,27.56,3255.914,78.378,61.669,21.658,5.902,157.254,13.352
04/01/1961,148.192,300356,30.671,26.627,3311.181,84.108,61.54,21.899,4.727,160.737,13.751
07/01/1961,149.68,305995,32.317,27.779,3374.742,90.917,62.079,23.326,4.453,162.661,14.115
10/01/1961,152.987,311781,34.595,28.442,3440.924,92.931,63.435,23.87,4.572,166.344,14.442
01/01/1962,154.533,314902,35.196,28.325,3502.298,98.074,64.323,24.314,4.01,170.892,14.736
04/01/1962,157.69,317631,35.166,29.662,3533.947,96.706,66.34,24.884,4.777,173.125,15.143
07/01/1962,160.11,321158,36.205,29.593,3577.362,98.16,67.648,25.111,4.482,175.597,15.583
10/01/1962,163.466,325130,37.066,28.683,3589.128,94.968,69.344,25.55,3.133,178.206,16.109
01/01/1963,165.589,330551,36.708,29.161,3628.306,99.689,71.309,25.185,3.976,179.393,16.748
04/01/1963,167.94,336729,38.652,31.448,3669.02,101.65,73.129,25.89,5.558,180.369,17.35
07/01/1963,170.148,342580,39.653,31.215,3749.681,104.612,75.44,26.704,4.511,184.862,17.892
10/01/1963,174.184,348662,40.688,32.474,3774.264,107.189,77.87,26.764,5.711,186.792,18.329
01/01/1964,176.585,355176,44.409,34.192,3853.835,110.474,80.555,26.978,7.213,190.075,18.729
04/01/1964,179.976,362244,44.397,34.03,3895.793,110.518,82.769,27.726,6.305,192.97,19.121
07/01/1964,183.446,369110,45.512,35.375,3956.657,112.631,85.288,28.429,6.946,193.295,19.458
10/01/1964,187.925,376113,45.174,36.48,3968.878,114.984,87.352,29.285,7.195,192.973,19.768
01/01/1965,193.186,383330,50.699,32.969,4064.915,126.542,90.344,28.457,4.512,196.198,20.121
04/01/1965,197.972,391089,52.574,38.367,4116.267,127.052,93.294,31.679,6.688,200.088,20.544
07/01/1965,202.867,399513,53.517,37.551,4207.782,131.237,95.625,32.03,5.521,208.98,21.048
10/01/1965,208.193,407945,56.577,39.698,4304.731,133.752,97.489,33.948,5.75,214.261,21.691
01/01/1966,214.562,416767,58.118,39.356,4409.518,144.2,100.006,34.99,4.367,221.114,22.375
04/01/1966,222.357,426329,58.576,40.872,4424.581,143.501,101.373,36.24,4.632,227.479,23.006
07/01/1966,228.547,435243,58.397,40.857,4462.053,143.194,102.281,38.171,2.687,235.644,23.555
10/01/1966,232.924,445589,57.517,42.594,4498.66,145.855,103.422,38.829,3.765,243.763,23.987
01/01/1967,239.687,456136,55.152,43.886,4538.498,142.811,104.389,39.432,4.453,255.415,24.324
04/01/1967,246.045,466661,55.258,43.239,4541.28,137.495,105.421,39.02,4.219,256.922,24.64
07/01/1967,251.64,477293,56.54,42.845,4584.246,142.835,106.874,39.543,3.302,264.199,25.012
10/01/1967,255.245,487543,59.497,43.896,4618.812,147.653,108.567,41.652,2.244,268.385,25.422
01/01/1968,263.575,498981,58.82,45.452,4713.013,152.288,110.508,44.399,1.054,277.111,25.898
04/01/1968,270.242,513385,60.526,47.165,4791.758,158.943,112.911,45.416,1.749,286.708,26.36
07/01/1968,277.803,526800,61.024,49.891,4828.892,155.683,115.599,48.24,1.65,292.215,26.812
10/01/1968,286.074,540886,62.599,49.116,4847.885,160.76,119.324,48.17,0.945,298.982,27.287
01/01/1969,294.256,554457,61.994,44.042,4923.76,172.388,122.479,43.804,0.239,300.566,27.719
04/01/1969,303.762,569503,60.335,53.775,4938.728,172.721,125.419,52.671,1.104,307.101,28.102
07/01/1969,312.057,584562,58.634,53.596,4971.349,177.564,127.326,52.365,1.231,313.917,28.366
10/01/1969,318.879,600344,57.815,56.275,4947.104,171.573,129.231,53.126,3.149,318.243,28.472
01/01/1970,338.845,620127,55.323,57.031,4939.759,168.113,130.53,53.517,3.514,325.878,28.366
04/01/1970,349.44,635158,55.194,60.411,4946.77,171.455,131.338,55.204,5.207,339.049,28.256
07/01/1970,357.036,654949,56.132,60.519,4992.357,173.904,132.924,56.431,4.088,346.412,28.306
10/01/1970,363.384,674229,53.35,60.873,4938.857,166.754,133.66,57.888,2.985,354.25,28.311
01/01/1971,370.45,695187,60.152,63.221,5072.996,189.495,138.226,58.651,4.57,358.566,28.613
04/01/1971,378.234,715334,62.42,62.894,5100.447,197.329,141.017,63.296,-0.401,373.206,28.941
07/01/1971,386.805,735915,66.544,65.717,5142.422,202.058,144.77,65.482,0.236,377.132,29.271
10/01/1971,392.236,757662,68.735,60.019,5154.547,198.411,149.243,61.939,-1.92,383.306,29.736
01/01/1972,403.333,781822,72.785,68.639,5249.337,212.968,153.38,72.173,-3.534,399.428,30.424
04/01/1972,411.26,806381,73.825,67.152,5368.485,226.798,158.564,71.409,-4.258,403.929,30.985
07/01/1972,420.54,831135,77.004,71.453,5419.184,233.09,162.799,74.09,-2.638,404.908,31.47
10/01/1972,431.815,857113,83.484,76.129,5509.926,239.715,168.757,79.19,-3.061,419.285,32.157
01/01/1973,446.413,869416,95.547,83.959,5646.286,254.313,176.766,85.36,-1.4,426.927,32.823
04/01/1973,461.449,882250,99.033,91.923,5707.755,268.196,183.161,89.468,2.454,439.107,33.451
07/01/1973,481.202,898700,101.161,97.576,5677.738,264.335,187.983,91.139,6.437,437.629,34.078
10/01/1973,497.437,910891,106.253,107.62,5731.632,280.858,192.98,98.669,8.952,451.019,34.755
01/01/1974,512.155,933140,112.656,116.709,5682.353,268.361,196.565,110.315,6.394,465.643,35.347
04/01/1974,529.291,954378,115.543,126.668,5695.859,277.391,199.933,129.382,-2.714,477.348,36.091
07/01/1974,541.863,971760,121.06,126.638,5642.025,271.013,202.348,133.61,-6.972,507.012,36.843
10/01/1974,553.066,996708,107.908,136.585,5620.126,281.339,201.926,136.552,0.033,521.209,37.385
01/01/1975,558.834,1026596,94.707,141.369,5551.713,244.306,202.454,124.888,16.481,550.065,37.742
04/01/1975,562.445,1056601,99.406,136.827,5591.382,243.281,199.092,115.245,21.582,571.864,38.357
07/01/1975,568.024,1078753,115.831,134.098,5687.087,265.192,202.035,122.055,12.043,583.501,39.362
10/01/1975,572.665,1105534,124.091,142.531,5763.665,276.236,206.996,128.73,13.801,600.049,40.452
01/01/1976,577.948,1125159,132.702,143.588,5893.276,304.638,211.812,138.938,4.65,609.583,41.654
04/01/1976,588.825,1140651,136.551,146.621,5936.515,322.303,216.337,147.116,-0.496,606.867,42.647
07/01/1976,600.862,1157256,138.84,151.775,5969.089,328.307,221.278,155.848,-4.073,619.599,43.653
10/01/1976,614.346,1175625,139.091,156.076,6012.356,337.65,228.961,162.68,-6.603,630.202,44.634
01/01/1977,632.3,1198248,149.831,155.354,6083.391,360.313,236.168,176.433,-21.079,645.408,45.606
04/01/1977,648.519,1223502,158.751,161.906,6201.659,389.703,246.398,183.042,-21.136,657.414,46.896
07/01/1977,665.925,1248393,165.143,162.325,6313.559,414.134,255.421,182.904,-20.579,669.001,48.145
10/01/1977,690.322,1273858,166.231,157.809,6313.697,422.299,264.892,187.391,-29.582,688.771,49.465
01/01/1978,710.785,1302290,171.939,164.601,6333.848,434.799,274.811,203.282,-38.681,702.391,50.826
04/01/1978,731.047,1334330,190.742,186.215,6578.605,470.584,289.868,208.84,-22.624,721.911,52.65
07/01/1978,745.665,1367111,197.659,191.302,6644.754,492.368,301.165,215.062,-23.76,749.361,54.268
10/01/1978,766.056,1393978,209.891,205.415,6734.069,515.755,311.305,221.815,-16.4,767.108,56.074
01/01/1979,789.844,1426804,212.498,211.669,6746.176,525.809,322.611,229.828,-18.159,776.403,57.905
04/01/1979,811.542,1456466,220.901,220.908,6753.389,539.293,333.789,243.097,-22.189,799.709,59.73
07/01/1979,833.769,1489999,225.792,234.277,6803.558,545.621,345.271,257.306,-23.029,829.638,61.862
10/01/1979,851.772,1532221,222.428,253.664,6820.572,547.875,354.616,280.466,-26.802,851.736,64.095
01/01/1980,873.559,1560558,223.244,268.508,6842.024,554.562,359.093,304.311,-35.803,892.895,66.513
04/01/1980,880.652,1608461,194.714,277.389,6701.046,519.294,352.773,292.6,-15.211,922.797,68.462
07/01/1980,892.677,1656801,202.262,284.673,6693.082,495.071,354.263,279.202,5.471,956.08,70.701
10/01/1980,919.612,1700467,208.875,292.517,6817.903,551.472,358.044,299.2,-6.682,970.565,73.672
01/01/1981,935.22,1745769,213.17,305.467,6951.495,619.381,363.365,319.726,-14.259,1022.594,76.26
04/01/1981,976.52,1788770,201.614,308.455,6899.98,609.843,369.096,321.963,-13.508,1037.406,78.67
07/01/1981,1014.381,1824502,206.868,302.339,6982.609,652.297,376.062,309.9,-7.561,1063.556,81.281
10/01/1981,1038.68,1868597,203.587,304.695,6906.529,643.395,377.882,319.445,-14.75,1102.243,83.542
01/01/1982,1067.949,1906185,183.468,293.202,6799.233,588.318,383.538,309.478,-16.276,1122.585,85.814
04/01/1982,1098.089,1950862,185.364,294.729,6830.251,593.621,388.711,299.115,-4.386,1150.144,87.983
07/01/1982,1124.827,2011507,180.728,279.634,6804.139,592.954,391.153,309.282,-29.647,1185.946,90.144
10/01/1982,1129.934,2068685,174.574,265.274,6806.857,549.242,396.718,294.861,-29.587,1222.288,91.993
01/01/1983,1161.482,2132498,176.17,270.703,6896.561,565.52,402.687,295.251,-24.548,1245.64,94.15
04/01/1983,1185.231,2205147,195.362,272.514,7053.5,613.783,412.172,317.949,-45.434,1255.644,96.841
07/01/1983,1217.535,2257386,206.519,278.181,7194.504,652.269,425.395,343.381,-65.2,1289.036,99.705
10/01/1983,1247.243,2307806,211.822,286.587,7344.597,718.496,444.878,357.972,-71.385,1299.511,103.083
01/01/1984,1295.249,2369755,220.108,292.975,7488.167,790.872,464.733,387.978,-95.004,1320.756,106.183
04/01/1984,1352.745,2414444,220.957,302.2,7617.547,818.894,489.551,406.501,-104.301,1349.946,109.61
07/01/1984,1400.349,2482065,212.293,305.744,7690.985,838.852,507.427,409.591,-103.847,1380.136,113.155
10/01/1984,1457.968,2543768,213.695,308.603,7754.117,831.741,526.584,416.359,-107.756,1423.837,116.831
01/01/1985,1489.462,2628513,204.768,306.01,7829.26,809.865,551.452,397.308,-91.298,1450.988,120.759
04/01/1985,1529.106,2681330,205.85,304.126,7898.194,827.04,571.29,418.571,-114.445,1483.532,124.007
07/01/1985,1572.17,2728313,209.89,297.273,8018.809,822.157,592.622,414.168,-116.895,1514.894,126.633
10/01/1985,1638.943,2896693,211.649,305.433,8078.415,859.545,610.574,438.867,-133.434,1537.959,128.887
01/01/1986,1683.411,2974277,176.84,313.404,8153.829,863.457,624.425,439.418,-126.014,1557.805,129.966
04/01/1986,1737.156,3026668,172.969,315.119,8190.552,855.237,641.29,443.99,-128.872,1583.015,130.929
07/01/1986,1797.227,3064059,171.499,320.471,8268.935,835.832,657.442,459.432,-138.961,1625.337,132.513
10/01/1986,1864.487,3133755,175.984,334.999,8313.338,842.063,666.355,468.628,-133.629,1625.423,134.619
01/01/1987,1908.814,3225789,187.831,336.451,8375.274,871.196,662.981,477.685,-141.234,1646.039,136.984
04/01/1987,1948.373,3297780,215.335,355.36,8465.63,874.588,674.86,502.337,-146.977,1671.575,139.042
07/01/1987,1999.842,3391216,230.169,371.854,8539.075,876.466,688.353,517.318,-145.464,1686.721,141.079
10/01/1987,2051.545,3405516,239.018,392.107,8685.694,946.459,698.64,537.511,-145.405,1720.342,143.549
01/01/1988,2100.786,3477089,249.639,418.727,8730.569,908.569,713.264,542.714,-123.987,1734.528,145.436
04/01/1988,2155.21,3544698,265.179,439.471,8845.28,934.525,725.994,546.098,-106.627,1750.068,148.072
07/01/1988,2196.461,3593358,264.662,453.586,8897.107,942.009,735.994,552.849,-99.263,1762.318,150.234
10/01/1988,2265.205,3655745,276.88,466.619,9015.661,962.748,745.206,574.314,-107.694,1810.922,152.447
01/01/1989,2318.457,3757576,275.1,485.189,9107.314,1005.487,773.653,586.154,-100.965,1844.66,154.432
04/01/1989,2377.544,3862212,268.646,507.229,9176.827,1001.047,787.208,595.389,-88.16,1882.377,155.977
07/01/1989,2405.997,3971114,257.909,509.352,9244.816,996.46,796.149,584.427,-75.075,1914.59,157.877
10/01/1989,2455.221,4079240,258.272,515.387,9263.033,995.809,809.285,598.152,-82.765,1946.346,160.461
01/01/1990,2502.902,4140618,268.869,538.232,9364.259,1010.838,813.793,626.767,-88.536,1998.202,163.48
04/01/1990,2539.035,4211605,282.342,545.925,9398.243,1014.72,818.31,614.759,-68.833,2033.141,166.084
07/01/1990,2565.707,4258418,288.2,555.149,9404.494,1000.785,826.225,630.102,-74.953,2059.883,167.903
10/01/1990,2585.389,4359120,289.53,568.186,9318.876,947.453,824.391,647.282,-79.096,2130.474,168.33
01/01/1991,2566.605,4477352,303.293,573.177,9275.276,924.569,824.86,620.317,-47.14,2069.788,171.364
04/01/1991,2566.563,4559115,309.454,590.733,9347.597,926.541,822.851,613.921,-23.188,2147.776,175.138
07/01/1991,2552.199,4665973,314.815,600.595,9394.834,947.476,818.093,621.669,-21.074,2209.803,175.538
10/01/1991,2526.64,4782145,318.455,615.217,9427.581,978.788,815.581,638.27,-23.053,2239.205,178.146
01/01/1992,2533.028,4880926,328.586,625.287,9540.444,956.817,817.269,645.823,-20.536,2294.836,177.92
04/01/1992,2533.896,4997397,340.749,626.163,9643.893,1013.084,815.377,658.951,-32.788,2326.569,178.714
07/01/1992,2544.135,5133880,323.237,639.365,9739.185,1024.162,818.575,677.853,-38.488,2355.715,178.334
10/01/1992,2545,5267671,330.015,641.396,9840.753,1057.962,824.769,688.536,-47.14,2379.825,179.643
01/01/1993,2571.565,5385827,328.957,643.606,9857.185,1083.829,832.774,699.31,-55.704,2383.922,179.082
04/01/1993,2609.706,5473792,343.279,653.094,9914.565,1094.479,843.397,716.281,-63.187,2398.116,179.583
07/01/1993,2651.018,5569435,355.933,650.897,9961.873,1095.852,860.654,719.251,-68.354,2423.515,178.527
10/01/1993,2690.672,5653658,375.422,671.6,10097.362,1153.142,886.169,745.049,-73.449,2445.454,179.303
01/01/1994,2750.353,5725554,404.995,681.232,10195.338,1201.675,912.689,761.827,-80.595,2429.861,179.278
04/01/1994,2793.535,5822204,418.333,706.988,10333.495,1264.948,946.409,797.56,-90.572,2460.32,180.889
07/01/1994,2838.904,5935688,439.704,736.883,10393.898,1251.749,980.405,833.751,-96.868,2508.239,184.08
10/01/1994,2888.046,5981210,453.102,758.646,10512.962,1307.566,1021.168,860.559,-101.913,2544.704,187.145
01/01/1995,2946.112,6118746,467.603,781.57,10550.251,1327.586,1058.385,886.899,-105.329,2582.423,191.846
04/01/1995,3010.682,6255350,491.19,798.851,10581.723,1303.988,1095.019,908.343,-109.492,2610.521,195.127
07/01/1995,3044.548,6413252,498.739,831.399,10671.738,1303.248,1133.141,905.843,-74.444,2598.783,198.703
10/01/1995,3094.015,6555725,505.677,839.421,10744.203,1335.135,1168.16,909.201,-69.78,2615.396,201.019
01/01/1996,3123.575,6687479,524.958,847.94,10824.674,1355.353,1197.356,936.735,-88.795,2669.979,205.951
04/01/1996,3180.235,6795233,526.924,859.042,11005.217,1418.388,1224.879,952.751,-93.709,2695.197,208.977
07/01/1996,3222.433,6917997,522.644,859.577,11103.935,1474.35,1247.457,973.757,-114.18,2701.801,212.502
10/01/1996,3244.216,7184640,534.89,903.798,11219.238,1480.128,1273.878,992.62,-88.822,2720.88,215.707
01/01/1997,3295.411,7260134,546.764,918.374,11291.665,1522.404,1284.329,1027.213,-108.839,2740.531,221.827
04/01/1997,3362.086,7525143,565.264,954.45,11479.33,1590.218,1302.783,1039.651,-85.201,2741.552,224.78
07/01/1997,3457.717,7756122,587.262,974.057,11622.911,1625.251,1321.301,1070.888,-96.831,2784.966,228.059
10/01/1997,3521.725,7829555,589.208,968.33,11722.722,1644.529,1344.165,1085.344,-117.014,2822.362,228.431
01/01/1998,3622.378,8136706,514.609,963.021,11839.876,1712.324,1352.528,1098.236,-135.215,2809.434,233.026
04/01/1998,3737.916,8246375,512.233,947.295,11949.492,1695.773,1393.784,1109.626,-162.331,2837.501,237.351
07/01/1998,3821.782,8149936,507.761,935.263,12099.191,1741.623,1417.348,1109.897,-174.634,2866.201,242.171
10/01/1998,3909.254,8565094,490.487,966.337,12294.737,1796.964,1441.272,1145,-178.663,2909.222,245.866
01/01/1999,4024.209,8726794,523.039,960.764,12410.778,1853.063,1471.714,1173.324,-212.559,2931.044,249.128
04/01/1999,4096.742,8946561,537.853,974.597,12514.408,1848.341,1500.711,1222.126,-247.53,2959.52,255.558
07/01/1999,4247.616,8950793,536.775,1005.309,12679.977,1893.735,1533.015,1281.712,-276.403,3004.028,262.053
10/01/1999,4311.849,9291101,556.245,1030.971,12888.281,1953.097,1553.622,1332.679,-301.708,3086.823,269.118
01/01/2000,4429.347,9485792,527.574,1052.904,12935.252,1950.65,1584.412,1409.487,-356.583,3074.397,278.15
04/01/2000,4537.191,9530451,519.811,1093.36,13170.749,2075.786,1632.955,1455.86,-362.501,3129.768,281.58
07/01/2000,4599.16,9649967,513.298,1125.002,13183.89,2059.969,1692.853,1518.869,-393.867,3152.254,288.133
10/01/2000,4657.924,9611745,491.81,1113.177,13262.25,2067.227,1741.267,1524.52,-411.343,3210.083,292.2
01/01/2001,4661.009,9464236,528.836,1096.812,13219.251,1971.333,1784.759,1499.464,-402.653,3280.819,293.46
04/01/2001,4744.732,9693769,551.684,1058.013,13301.394,1973.033,1816.504,1422.028,-364.015,3358.217,295.562
07/01/2001,4779.717,9539568,505.61,998.902,13248.142,1944.909,1838.308,1369.536,-370.634,3377.367,294.842
10/01/2001,4793.956,9800905,489.453,953.52,13284.881,1850.091,1891.827,1323.208,-369.688,3436.53,294.309
01/01/2002,4806.088,10002629,538.088,969.157,13394.91,1912.659,1918.895,1356.041,-386.884,3508.647,293.581
04/01/2002,4794.936,9874098,596.152,1004.154,13477.356,1933.282,1951.616,1432.413,-428.259,3554.587,295.998
07/01/2002,4785.753,9719635,652.139,1015.56,13531.741,1933.197,1975.317,1463.107,-447.548,3598.998,297.504
10/01/2002,4789.505,9910734,725.113,1003.046,13549.421,1942.531,1997.008,1499.335,-496.289,3681.871,301.524
01/01/2003,4787.038,9991499,721.524,1004.201,13619.434,1960.221,2026.273,1529.463,-525.262,3744.177,304.712
04/01/2003,4786.367,10341524,723.377,1007.465,13741.107,1972.386,2058.502,1527.336,-519.87,3808.76,309.045
07/01/2003,4821.933,10485669,763.915,1037.31,13970.157,2044.304,2082.493,1556.304,-518.994,3839.406,312.226
10/01/2003,4809.708,10814769,816.612,1091.682,14131.379,2131.311,2102.932,1615.376,-523.694,3869.703,315.396
01/01/2004,4875.638,11021755,928.229,1133.669,14212.34,2154.052,2135.867,1699.644,-565.975,3947.702,317.085
04/01/2004,4878.176,11212312,967.703,1170.152,14323.017,2262.607,2154.712,1787.734,-617.581,3982.852,321.16
07/01/2004,4938.793,11367213,1010.194,1180.185,14457.832,2318.272,2187.446,1832.856,-652.672,4050.203,326.121
10/01/2004,4988.698,11784473,1010.647,1221.444,14605.595,2390.082,2220.119,1921.78,-700.336,4093.92,331.2
01/01/2005,5048.316,11871638,1228.657,1258.408,14767.846,2486.068,2248.511,1955.063,-696.655,4201.029,341.871
04/01/2005,5113.127,12081020,1252.584,1294.853,14839.707,2476.474,2276.583,2002.063,-707.21,4240.85,346.116
07/01/2005,5154.835,12335399,1296.981,1302.315,14956.291,2531.076,2300.822,2053.275,-750.961,4375.914,351.312
10/01/2005,5255.569,12562173,1363.54,1350.743,15041.232,2645.263,2320.555,2155.529,-804.786,4393.619,351.611
01/01/2006,5362.059,12787074,1387.911,1413.966,15244.088,2709.74,2385.808,2204.784,-790.818,4456.559,358.509
04/01/2006,5466.025,12874111,1425.152,1459.767,15281.525,2709.252,2395.813,2253.809,-794.042,4508.744,365.724
07/01/2006,5507.622,13098633,1444.791,1475.417,15304.517,2709.42,2426.814,2298.702,-823.284,4557.261,379.06
10/01/2006,5660.42,13396978,1398.202,1531.531,15433.643,2675.406,2456.716,2269.198,-737.668,4555.974,390.813
01/01/2007,5791.048,13580923,1325.943,1577.991,15478.956,2664.295,2484.433,2317.264,-739.273,4747.079,392.96
04/01/2007,5979.134,13886546,1400.804,1622.764,15577.779,2699.217,2519.121,2368.569,-745.806,4792.841,399.697
07/01/2007,6183.816,14097080,1345.84,1685.71,15671.605,2685.969,2566.995,2414.664,-728.954,4859.514,401.966
10/01/2007,6330.212,14148137,1368.063,1750.714,15767.146,2642.56,2609.477,2480.413,-729.699,4934.382,411.276
01/01/2008,6446.095,13996252,1260.771,1813.321,15702.906,2563.701,2645.604,2584.568,-771.248,4991.989,418.688
04/01/2008,6564.237,14091331,1285.329,1905.282,15792.773,2540.595,2662.41,2681.686,-776.404,5366.788,426.37
07/01/2008,6630.663,13886458,1226.043,1922.215,15709.562,2498.242,2657.388,2709.569,-787.354,5236.25,422.189
10/01/2008,6585.118,13479082,721.414,1700.304,15366.607,2307.915,2643.789,2328.779,-628.474,5452.409,421.903
01/01/2009,6511.547,13416272,1082.708,1511.768,15187.475,2014.878,2622.827,1932.761,-420.992,5533.429,405.356
04/01/2009,6452.017,13849132,1161.627,1521.093,15161.772,1863.65,2591.475,1879.461,-358.368,5680.717,412.864
07/01/2009,6351.798,14316465,1346.957,1594.725,15216.647,1841.416,2576.593,2018.722,-423.998,5641.212,415.634
10/01/2009,6176.549,14547046,1462.942,1703.508,15379.155,1998.71,2555.017,2176.763,-473.254,5693.133,427.244
01/01/2010,6157.644,14922646,1530.604,1759.877,15456.059,2038.161,2536.551,2269.069,-509.192,5804.974,421.586
04/01/2010,6096.939,14918675,1517.068,1819.741,15605.628,2148.795,2518.416,2362.255,-542.514,5872.568,423.267
07/01/2010,6138.686,15446811,1600.154,1877.253,15726.282,2236.495,2522.094,2431.195,-553.943,5825.414,428.653
10/01/2010,6074.198,15916704,1599.159,1972.116,15807.995,2238.44,2646.811,2495.702,-523.586,5834.793,438.332
01/01/2011,6085.049,16201492,1464.223,2040.407,15769.911,2205.962,2672.031,2608.884,-568.476,5848.004,444.027
04/01/2011,6178.814,16311977,1529.084,2116.132,15876.839,2297.352,2693.088,2697.224,-581.092,5906.467,449.138
07/01/2011,6269.198,15995677,1539.465,2156.793,15870.684,2322.84,2720.06,2723.903,-567.111,5852.866,453.016
10/01/2011,6377.042,16313773,1617.095,2150.123,16048.702,2504.095,2756.225,2751.911,-601.788,5879.574,457.073
01/01/2012,6414.428,16741097,1880.022,2189.981,16179.968,2567.75,2791.565,2792.253,-602.271,5835.737,456.865
04/01/2012,6478.678,16748522,1801.743,2215.586,16253.726,2636.863,2829.849,2780.827,-565.241,5825.191,458.507
07/01/2012,6606.207,17028471,1818.331,2227.734,16282.151,2644.119,2865.788,2750.817,-523.083,5834.161,461.587
10/01/2012,6747.961,17148537,1785.961,2237.498,16300.035,2638.282,2912.905,2753.373,-515.874,5872.514,465.146
01/01/2013,6795.961,17774528,1766.372,2255.065,16441.485,2738.236,2961.004,2755.277,-500.212,5836,474.19
04/01/2013,6904.757,18165559,1757.557,2260.438,16464.402,2775.276,3000.136,2759.783,-499.345,5846.239,478.286
07/01/2013,7074.031,18747309,1792.757,2284.231,16594.743,2879.995,3045.917,2767.183,-482.952,5864.665,484.787
10/01/2013,7156.255,19402639,1838.838,2348.191,16712.76,2910.546,3090.468,2783.259,-435.068,5868.619,488.624
01/01/2014,7269.505,19574940,1767.596,2342.408,16654.247,2899.216,3145.272,2853.69,-511.282,5904.824,488.951
04/01/2014,7366.751,19837558,1865.14,2394.081,16868.109,3030.425,3205.133,2900.572,-506.491,5974.243,495.692
07/01/2014,7480.946,19898561,1917.769,2398.083,17064.616,3107.62,3259.488,2888.549,-490.466,6045.984,502.451
10/01/2014,7643.358,20106893,1879.109,2375.061,17141.235,3139.452,3309.54,2906.969,-531.908,6081.506,516.219
01/01/2015,7796.692,20295709,1770.989,2297.44,17280.647,3245.05,3357.47,2824.356,-526.916,6112.126,515.906
04/01/2015,7996.038,20371609,1789.321,2298.719,17380.875,3245.825,3420.427,2807.521,-508.803,6059.788,519.803
07/01/2015,8101.599,20154320,1732.347,2258.386,17437.08,3251.67,3481.245,2801.398,-543.012,6225.731,526.646
10/01/2015,8207.861,20412992,1635.297,2220.057,17462.579,3206.098,3400.223,2746.123,-526.066,6245.98,532.123
01/01/2016,8387.451,20593805,1696.75,2179.216,17565.465,3174.386,3464.863,2693.609,-514.394,6318.634,537.18
04/01/2016,8432.392,20790976,1758.389,2218.949,17618.581,3178.537,3520.789,2710.632,-491.683,6320.457,550.568
07/01/2016,8527.341,21082229,1753.676,2265.416,17724.489,3185.73,3581.724,2750.495,-485.079,6412.654,555.014
10/01/2016,8478.42,21239426,1823.484,2264.857,17812.56,3281.493,3636.436,2798.701,-533.843,6462.249,559.683
01/01/2017,8626.471,21637834,1911.243,2334.436,17896.623,3283.481,3685.369,2867.74,-533.304,6509.084,567.386
04/01/2017,8751.15,21942198,1895.574,2346.206,17996.802,3357.362,3727.131,2903.26,-557.054,6542.647,567.538
07/01/2017,8831.447,22286658,1948.142,2383.091,18126.226,3413.3,3770.173,2906.63,-523.539,6644.987,578.023
10/01/2017,8977.971,22665355,1774.88,2471.3,18296.685,3471.425,3830.752,3017.132,-545.832,6696.023,588.679
01/01/2018,9075.243,22717448,1946.553,2504.405,18436.262,3550.839,3876.813,3084.457,-580.052,6790.24,604.333
04/01/2018,9453.327,22933067,1972.005,2568.279,18590.004,3603.22,3901.812,3108.078,-539.799,6905.927,621.798
07/01/2018,9568.189,23282952,1986.036,2534.223,18679.599,3679.569,3955.676,3158.194,-623.971,6974.682,627.937
10/01/2018,9669.43,22661395,2005.318,2527.139,18721.281,3717.518,4007.042,3168.059,-640.92,7049.049,643.582
01/01/2019,9907.925,23370920,1937.217,2524.645,18833.195,3801.932,4053.382,3131.046,-606.4,7165.638,659.207
04/01/2019,10043.367,23741983,1985.5,2533.412,18982.528,3842.963,4094.054,3165.699,-632.287,7243.438,673.547
07/01/2019,10249.4,23920415,1923.429,2512.129,19112.653,3858.192,4144.277,3126.104,-613.975,7319.767,681.84
10/01/2019,10307.741,24455029,1963.58,2508.722,19202.31,3801.943,4192.191,3041.112,-532.389,7418.355,688.442
01/01/2020,11010.287,23469071,1743.383,2385.543,18951.992,3752.361,4208.198,2927.26,-541.718,7470.751,697.405
04/01/2020,11429.721,24527970,1577.736,1807.863,17258.205,3166.987,4137.157,2346.738,-538.876,10910.42,688.834
07/01/2020,11343.475,25079515,2148.157,2079.553,18560.774,3708.799,4161.818,2805.276,-725.723,9706.163,721.793
10/01/2020,11346.816,25973549,2164.457,2220.683,18767.778,3923.164,4184.922,3019.114,-798.431,8471.923,744.263
01/01/2021,11495.149,26352424,2367.593,2311.93,19055.655,3927.984,4228.567,3184.47,-872.54,10790.83,758.039
04/01/2021,11544.647,26975170,2690.388,2461.548,19368.31,3925.069,4297.809,3343.238,-881.689,9245.721,779.902
07/01/2021,11747.15,27050074,2721.601,2485.227,19478.893,4099.571,4355.841,3432.25,-947.023,8994.153,796.634
10/01/2021,11919.771,27614594,2700.326,2654.46,19806.29,4527.181,4431.939,3625.89,-971.43,8592.373,818.989
01/01/2022,12169.017,27213904,2726.711,2732.433,19727.918,4695.065,4528.674,3910.337,-1177.904,8141.506,839.956
04/01/2022,,,,2979.414,19681.682,4633.798,,4057.753,-1078.339,8589.266,865.832
